{
	"format_version": "1.21.8",
	"credit": "Made with Blockbench",
	"textures": {
		"0": "minecraft:item/gray",
		"1": "minecraft:item/green",
		"2": "minecraft:item/yellow",
		"particle": "minecraft:item/gray"
	},
	"elements": [
		{
			"from": [3, 0, 3],
			"to": [12, 2, 12],
			"rotation": {"angle": 0, "axis": "y", "origin": [7.5, 1, 7.5]},
			"faces": {
				"north": {"uv": [0, 0, 9, 2], "texture": "#1"},
				"east": {"uv": [0, 0, 9, 2], "texture": "#1"},
				"south": {"uv": [0, 0, 9, 2], "texture": "#1"},
				"west": {"uv": [0, 0, 9, 2], "texture": "#1"},
				"up": {"uv": [2.09231, 1.88821, 12.96718, 11.54462], "texture": "#1"},
				"down": {"uv": [3.00957, 4.05026, 11.00308, 11.38735], "texture": "#1"}
			}
		},
		{
			"from": [3, -0.525, 12],
			"to": [6.175, 2.725, 13],
			"rotation": {"angle": 0, "axis": "y", "origin": [7.5, 1, 16.5]},
			"faces": {
				"north": {"uv": [0, 0, 3.175, 3.25], "texture": "#0"},
				"east": {"uv": [0, 0, 1, 3.25], "texture": "#0"},
				"south": {"uv": [0, 0, 3.175, 3.25], "texture": "#0"},
				"west": {"uv": [0, 0, 1, 3.25], "texture": "#0"},
				"up": {"uv": [0, 0, 3.175, 1], "texture": "#0"},
				"down": {"uv": [0, 0, 3.175, 1], "texture": "#0"}
			}
		},
		{
			"from": [9.35, -0.525, 11.875],
			"to": [12.25, 2.725, 13],
			"rotation": {"angle": 0, "axis": "y", "origin": [13.5, 1, 16.5]},
			"faces": {
				"north": {"uv": [0, 0, 2.9, 3.25], "texture": "#0"},
				"east": {"uv": [0, 0, 1.125, 3.25], "texture": "#0"},
				"south": {"uv": [0, 0, 2.9, 3.25], "texture": "#0"},
				"west": {"uv": [0, 0, 1.125, 3.25], "texture": "#0"},
				"up": {"uv": [0, 0, 2.9, 1.125], "texture": "#0"},
				"down": {"uv": [0, 0, 2.9, 1.125], "texture": "#0"}
			}
		},
		{
			"from": [3.75, -0.175, 3.75],
			"to": [11.25, 2.175, 11.25],
			"rotation": {"angle": 0, "axis": "y", "origin": [7.5, 1, 7.5]},
			"faces": {
				"north": {"uv": [0, 0, 7.5, 2.35], "texture": "#1"},
				"east": {"uv": [0, 0, 7.5, 2.35], "texture": "#1"},
				"south": {"uv": [0, 0, 7.5, 2.35], "texture": "#1"},
				"west": {"uv": [0, 0, 7.5, 2.35], "texture": "#1"},
				"up": {"uv": [5.1359, 3.38872, 11.29846, 12.97419], "texture": "#1"},
				"down": {"uv": [2.65846, 2.26462, 12.18462, 13.90769], "texture": "#1"}
			}
		},
		{
			"from": [4.25, -0.275, 4.25],
			"to": [10.75, 2.325, 10.75],
			"rotation": {"angle": 0, "axis": "y", "origin": [7.5, 1, 7.5]},
			"faces": {
				"north": {"uv": [0, 0, 6.5, 2.625], "texture": "#1"},
				"east": {"uv": [0, 0, 6.5, 2.625], "texture": "#1"},
				"south": {"uv": [0, 0, 6.5, 2.625], "texture": "#1"},
				"west": {"uv": [0, 0, 6.5, 2.625], "texture": "#1"},
				"up": {"uv": [5.07897, 4.81761, 10.17726, 12.44991], "texture": "#1"},
				"down": {"uv": [3.81112, 3.37231, 10.80616, 11.8253], "texture": "#1"}
			}
		},
		{
			"from": [3, 0, 3],
			"to": [12, 2, 12],
			"rotation": {"angle": 45, "axis": "y", "origin": [7.5, 1, 7.5]},
			"faces": {
				"north": {"uv": [0, 0, 9, 2], "texture": "#1"},
				"east": {"uv": [0, 0, 9, 2], "texture": "#1"},
				"south": {"uv": [0, 0, 9, 2], "texture": "#1"},
				"west": {"uv": [0, 0, 9, 2], "texture": "#1"},
				"up": {"uv": [0, 0, 16, 16], "texture": "#1"},
				"down": {"uv": [0, 0, 16, 14.70359], "texture": "#1"}
			}
		},
		{
			"from": [5.625, -0.525, 14.75],
			"to": [6.625, 2.725, 17.425],
			"rotation": {"angle": 45, "axis": "y", "origin": [3.125, 1, 13.925]},
			"faces": {
				"north": {"uv": [0, 0, 1, 3.25], "texture": "#missing"},
				"east": {"uv": [0, 0, 2.675, 3.25], "texture": "#0"},
				"south": {"uv": [0, 0, 1, 3.25], "texture": "#0"},
				"west": {"uv": [0, 0, 2.675, 3.25], "texture": "#0"},
				"up": {"uv": [0, 0, 1, 2.675], "texture": "#0"},
				"down": {"uv": [0, 0, 1, 2.675], "texture": "#0"}
			}
		},
		{
			"from": [7.625, -0.525, 2.425],
			"to": [8.625, 2.725, 5.525],
			"rotation": {"angle": 45, "axis": "y", "origin": [5.125, 1, 2.925]},
			"faces": {
				"north": {"uv": [0, 0, 1, 3.25], "texture": "#0"},
				"east": {"uv": [0, 0, 3.1, 3.25], "texture": "#0"},
				"south": {"uv": [0, 0, 1, 3.25], "texture": "#0"},
				"west": {"uv": [0, 0, 3.1, 3.25], "texture": "#0"},
				"up": {"uv": [0, 0, 1, 3.1], "texture": "#0"},
				"down": {"uv": [0, 0, 1, 3.1], "texture": "#0"}
			}
		},
		{
			"from": [1.625, -0.525, 8.975],
			"to": [2.6, 2.725, 12.3],
			"rotation": {"angle": 45, "axis": "y", "origin": [-0.875, 1, 9.925]},
			"faces": {
				"north": {"uv": [0, 0, 0.975, 3.25], "texture": "#0"},
				"east": {"uv": [0, 0, 3.325, 3.25], "texture": "#0"},
				"south": {"uv": [0, 0, 0.975, 3.25], "texture": "#0"},
				"west": {"uv": [0, 0, 3.325, 3.25], "texture": "#0"},
				"up": {"uv": [0, 0, 0.975, 3.325], "texture": "#0"},
				"down": {"uv": [0, 0, 0.975, 3.325], "texture": "#0"}
			}
		},
		{
			"from": [12.625, -0.525, 7.05],
			"to": [13.625, 2.725, 11.175],
			"rotation": {"angle": 45, "axis": "y", "origin": [10.125, 1, 7.925]},
			"faces": {
				"north": {"uv": [0, 0, 1, 3.25], "texture": "#0"},
				"east": {"uv": [0, 0, 4.125, 3.25], "texture": "#0"},
				"south": {"uv": [0, 0, 1, 3.25], "texture": "#0"},
				"west": {"uv": [0, 0, 4.125, 3.25], "texture": "#0"},
				"up": {"uv": [0, 0, 1, 4.125], "texture": "#0"},
				"down": {"uv": [8.08302, 6.64906, 9.08302, 10.77406], "texture": "#0"}
			}
		},
		{
			"from": [11.15698, -0.525, 8.61434],
			"to": [14.80698, 2.725, 9.61434],
			"rotation": {"angle": 45, "axis": "y", "origin": [12.80698, 1.3625, 9.11434]},
			"faces": {
				"north": {"uv": [0, 0, 3.65, 3.25], "texture": "#0"},
				"east": {"uv": [0, 0, 1, 3.25], "texture": "#0"},
				"south": {"uv": [0.64722, 5.12778, 11.60556, 8.37778], "texture": "#0"},
				"west": {"uv": [0, 0, 1, 3.25], "texture": "#0"},
				"up": {"uv": [0, 0, 1, 3.65], "rotation": 270, "texture": "#0"},
				"down": {"uv": [0, 0, 13.04167, 8.53333], "rotation": 90, "texture": "#0"}
			}
		},
		{
			"from": [6.83198, -0.525, 12.88934],
			"to": [10.18198, 2.725, 13.86434],
			"rotation": {"angle": 45, "axis": "y", "origin": [8.55698, 1.3625, 13.36434]},
			"faces": {
				"north": {"uv": [0, 0, 3.35, 3.25], "texture": "#0"},
				"east": {"uv": [0, 0, 0.975, 3.25], "texture": "#0"},
				"south": {"uv": [0, 0, 3.35, 3.25], "texture": "#0"},
				"west": {"uv": [0, 0, 0.975, 3.25], "texture": "#0"},
				"up": {"uv": [0, 0, 0.975, 3.35], "rotation": 270, "texture": "#0"},
				"down": {"uv": [0, 0, 0.975, 3.35], "rotation": 90, "texture": "#0"}
			}
		},
		{
			"from": [4.83198, -0.525, 1.36434],
			"to": [8.15698, 2.725, 2.36434],
			"rotation": {"angle": 45, "axis": "y", "origin": [6.05698, 1.3625, 1.86434]},
			"faces": {
				"north": {"uv": [0, 0, 3.325, 3.25], "texture": "#0"},
				"east": {"uv": [0, 0, 1, 3.25], "texture": "#0"},
				"south": {"uv": [0, 0, 3.325, 3.25], "texture": "#0"},
				"west": {"uv": [0, 0, 1, 3.25], "texture": "#0"},
				"up": {"uv": [0, 0, 1, 3.325], "rotation": 270, "texture": "#0"},
				"down": {"uv": [0, 0, 1, 3.325], "rotation": 90, "texture": "#0"}
			}
		},
		{
			"from": [0.05698, -0.525, 5.86434],
			"to": [3.23198, 2.725, 6.86434],
			"rotation": {"angle": 45, "axis": "y", "origin": [2.05698, 1.3625, 6.36434]},
			"faces": {
				"north": {"uv": [0, 0, 3.175, 3.25], "texture": "#0"},
				"east": {"uv": [0, 0, 1, 3.25], "texture": "#0"},
				"south": {"uv": [0, 0, 3.175, 3.25], "texture": "#0"},
				"west": {"uv": [0, 0, 1, 3.25], "texture": "#0"},
				"up": {"uv": [0, 0, 1, 3.175], "rotation": 270, "texture": "#0"},
				"down": {"uv": [0, 0, 1, 3.175], "rotation": 90, "texture": "#0"}
			}
		},
		{
			"from": [2.325, -0.525, 2.075],
			"to": [5.525, 2.725, 3.1],
			"rotation": {"angle": 0, "axis": "y", "origin": [7.5, 1, 6.5]},
			"faces": {
				"north": {"uv": [0, 0, 3.2, 3.25], "texture": "#0"},
				"east": {"uv": [0, 0, 1.025, 3.25], "texture": "#0"},
				"south": {"uv": [0, 0, 3.2, 3.25], "texture": "#0"},
				"west": {"uv": [0, 0, 1.025, 3.25], "texture": "#0"},
				"up": {"uv": [0, 0, 3.2, 1.025], "texture": "#0"},
				"down": {"uv": [0, 0, 3.2, 1.025], "texture": "#0"}
			}
		},
		{
			"from": [2.25, -0.525, 2.075],
			"to": [3.25, 2.725, 5.9],
			"rotation": {"angle": 0, "axis": "y", "origin": [2.75, 1.3625, 4.5]},
			"faces": {
				"north": {"uv": [0, 0, 1, 3.25], "texture": "#0"},
				"east": {"uv": [0, 0, 3.825, 3.25], "texture": "#0"},
				"south": {"uv": [0, 0, 1, 3.25], "texture": "#0"},
				"west": {"uv": [0, 0, 3.825, 3.25], "texture": "#0"},
				"up": {"uv": [0, 0, 3.825, 1], "rotation": 90, "texture": "#0"},
				"down": {"uv": [0, 0, 3.825, 1], "rotation": 270, "texture": "#0"}
			}
		},
		{
			"from": [2.25, -0.525, 9.125],
			"to": [3.25, 2.725, 13],
			"rotation": {"angle": 0, "axis": "y", "origin": [2.75, 1.3625, 10.5]},
			"faces": {
				"north": {"uv": [0, 0, 1, 3.25], "texture": "#0"},
				"east": {"uv": [0, 0, 3.875, 3.25], "texture": "#0"},
				"south": {"uv": [0, 0, 1, 3.25], "texture": "#0"},
				"west": {"uv": [0, 0, 3.875, 3.25], "texture": "#0"},
				"up": {"uv": [0, 0, 3.875, 1], "rotation": 90, "texture": "#0"},
				"down": {"uv": [0, 0, 3.875, 1], "rotation": 270, "texture": "#0"}
			}
		},
		{
			"from": [11.275, -0.525, 9.925],
			"to": [12.25, 2.725, 12],
			"rotation": {"angle": 0, "axis": "y", "origin": [11.75, 1.3625, 10.5]},
			"faces": {
				"north": {"uv": [0, 0, 0.975, 3.25], "texture": "#0"},
				"east": {"uv": [0, 0, 2.075, 3.25], "texture": "#0"},
				"south": {"uv": [0, 0, 0.975, 3.25], "texture": "#0"},
				"west": {"uv": [0, 0, 2.075, 3.25], "texture": "#0"},
				"up": {"uv": [0, 0, 2.075, 0.975], "rotation": 90, "texture": "#0"},
				"down": {"uv": [0, 0, 2.075, 0.975], "rotation": 270, "texture": "#0"}
			}
		},
		{
			"from": [11.25, -0.525, 3],
			"to": [12.25, 2.725, 5.525],
			"rotation": {"angle": 0, "axis": "y", "origin": [11.75, 1.3625, 4.5]},
			"faces": {
				"north": {"uv": [0, 0, 1, 3.25], "texture": "#0"},
				"east": {"uv": [0, 0, 2.525, 3.25], "texture": "#0"},
				"south": {"uv": [0, 0, 1, 3.25], "texture": "#0"},
				"west": {"uv": [0, 0, 2.525, 3.25], "texture": "#0"},
				"up": {"uv": [0, 0, 2.525, 1], "rotation": 90, "texture": "#0"},
				"down": {"uv": [0, 0, 2.525, 1], "rotation": 270, "texture": "#0"}
			}
		},
		{
			"from": [8.725, -0.525, 2],
			"to": [12.25, 2.725, 3],
			"rotation": {"angle": 0, "axis": "y", "origin": [13.5, 1, 6.5]},
			"faces": {
				"north": {"uv": [0, 0, 3.525, 3.25], "texture": "#0"},
				"east": {"uv": [0, 0, 1, 3.25], "texture": "#0"},
				"south": {"uv": [0, 0, 3.525, 3.25], "texture": "#0"},
				"west": {"uv": [0, 0, 1, 3.25], "texture": "#0"},
				"up": {"uv": [0, 0, 3.525, 1], "texture": "#0"},
				"down": {"uv": [0, 0, 3.525, 1], "texture": "#0"}
			}
		},
		{
			"from": [7.325, 0.75, -3.7],
			"to": [7.825, 1.25, 0.55],
			"rotation": {"angle": -25.75, "axis": "y", "origin": [7.575, 1, -0.45]},
			"faces": {
				"north": {"uv": [0, 0, 0.5, 0.5], "texture": "#2"},
				"east": {"uv": [0, 0, 4.25, 0.5], "texture": "#2"},
				"south": {"uv": [0, 0, 0.5, 0.5], "texture": "#2"},
				"west": {"uv": [0, 0, 4.25, 0.5], "texture": "#2"},
				"up": {"uv": [0, 0, 0.5, 4.25], "texture": "#2"},
				"down": {"uv": [0, 0, 0.5, 4.25], "texture": "#2"}
			}
		},
		{
			"from": [6.575, 0.75, -3.65],
			"to": [7.075, 1.25, 0.6],
			"rotation": {"angle": 25.75, "axis": "y", "origin": [6.825, 1, -0.275]},
			"faces": {
				"north": {"uv": [0, 0, 0.5, 0.5], "texture": "#2"},
				"east": {"uv": [0, 0, 4.25, 0.5], "texture": "#2"},
				"south": {"uv": [0, 0, 0.5, 0.5], "texture": "#2"},
				"west": {"uv": [0, 0, 4.25, 0.5], "texture": "#2"},
				"up": {"uv": [0, 0, 0.5, 4.25], "texture": "#2"},
				"down": {"uv": [0, 0, 0.5, 4.25], "texture": "#2"}
			}
		},
		{
			"from": [-9.42197, 0.75, -3.42574],
			"to": [5.57803, 1.25, -2.92574],
			"rotation": {"angle": -2, "axis": "y", "origin": [5.525, 1, -3.1]},
			"faces": {
				"north": {"uv": [0, 0, 15, 0.5], "texture": "#2"},
				"east": {"uv": [0, 0, 0.5, 0.5], "texture": "#2"},
				"south": {"uv": [0, 0, 15, 0.5], "texture": "#2"},
				"west": {"uv": [0, 0, 0.5, 0.5], "texture": "#2"},
				"up": {"uv": [0, 0, 0.5, 15], "rotation": 90, "texture": "#2"},
				"down": {"uv": [0, 0, 0.5, 15], "rotation": 270, "texture": "#2"}
			}
		},
		{
			"from": [-9.425, 0.71463, -3.93881],
			"to": [-8.925, 18.21463, -3.43881],
			"rotation": {"angle": -11, "axis": "x", "origin": [-9.175, 1, -3.675]},
			"faces": {
				"north": {"uv": [0, 0, 16, 0.5], "rotation": 270, "texture": "#2"},
				"east": {"uv": [0, 0, 0.5, 16], "texture": "#2"},
				"south": {"uv": [0, 0, 16, 0.5], "rotation": 90, "texture": "#2"},
				"west": {"uv": [0, 0, 0.5, 16], "rotation": 180, "texture": "#2"},
				"up": {"uv": [0, 0, 0.5, 0.5], "rotation": 90, "texture": "#2"},
				"down": {"uv": [0, 0, 0.5, 0.5], "rotation": 90, "texture": "#2"}
			}
		},
		{
			"from": [-9.46037, 17.45, -7.28881],
			"to": [23.78963, 17.95, -6.78881],
			"rotation": {"angle": 0, "axis": "z", "origin": [-9.175, 17.7, -7.025]},
			"faces": {
				"north": {"uv": [0, 0, 16, 0.5], "rotation": 180, "texture": "#2"},
				"east": {"uv": [0, 0, 0.5, 0.5], "rotation": 180, "texture": "#2"},
				"south": {"uv": [0, 0, 16, 0.5], "rotation": 180, "texture": "#2"},
				"west": {"uv": [0, 0, 0.5, 0.5], "rotation": 180, "texture": "#2"},
				"up": {"uv": [0, 0, 0.5, 16], "rotation": 270, "texture": "#2"},
				"down": {"uv": [0, 0, 0.5, 16], "rotation": 90, "texture": "#2"}
			}
		},
		{
			"from": [23.275, 1.11463, -3.96381],
			"to": [23.775, 18.21463, -3.46381],
			"rotation": {"angle": -11, "axis": "x", "origin": [23.525, 1, -3.7]},
			"faces": {
				"north": {"uv": [0, 0, 16, 0.5], "rotation": 270, "texture": "#2"},
				"east": {"uv": [0, 0, 0.5, 16], "texture": "#2"},
				"south": {"uv": [0, 0, 16, 0.5], "rotation": 90, "texture": "#2"},
				"west": {"uv": [0, 0, 0.5, 16], "rotation": 180, "texture": "#2"},
				"up": {"uv": [0, 0, 0.5, 0.5], "rotation": 90, "texture": "#2"},
				"down": {"uv": [0, 0, 0.5, 0.5], "rotation": 90, "texture": "#2"}
			}
		},
		{
			"from": [8.75303, 0.75, -3.62574],
			"to": [23.75303, 1.25, -3.12574],
			"rotation": {"angle": 2, "axis": "y", "origin": [12.95, 1, -3.3]},
			"faces": {
				"north": {"uv": [0, 0, 15, 0.5], "texture": "#2"},
				"east": {"uv": [0, 0, 0.5, 0.5], "texture": "#2"},
				"south": {"uv": [0, 0, 15, 0.5], "texture": "#2"},
				"west": {"uv": [0, 0, 0.5, 0.5], "texture": "#2"},
				"up": {"uv": [0, 0, 0.5, 15], "rotation": 90, "texture": "#2"},
				"down": {"uv": [0, 0, 0.5, 15], "rotation": 270, "texture": "#2"}
			}
		}
	],
	"display": {
		"thirdperson_righthand": {
			"rotation": [107, 0, 0],
			"translation": [0, -6.75, -0.5],
			"scale": [0.25, 0.2, 0.25]
		},
		"thirdperson_lefthand": {
			"rotation": [167.25, 0, 0],
			"translation": [-6.25, -1.75, 8.5],
			"scale": [0.25, 0.25, 0.25]
		},
		"firstperson_righthand": {
			"rotation": [89, 0, -125],
			"translation": [6, 3.25, -4],
			"scale": [0.5, 0.5, 0.5]
		},
		"firstperson_lefthand": {
			"rotation": [86.01, -0.72, -125],
			"translation": [4.75, 3.25, -1.75],
			"scale": [0.5, 0.5, 0.5]
		},
		"ground": {
			"rotation": [-180, 0, 0],
			"translation": [0, -4.25, 0],
			"scale": [0.5, 0.5, 0.5]
		},
		"gui": {
			"rotation": [92.5, 0, -180],
			"translation": [-1, -1.5, 0.25],
			"scale": [0.6, 0.6, 0.86]
		},
		"fixed": {
			"rotation": [91.25, 0, 0],
			"translation": [0.25, -0.5, 6.75],
			"scale": [0.8, 1, 0.8]
		},
		"on_shelf": {
			"rotation": [95, 0, -180],
			"translation": [0, 0.75, -8.75]
		}
	}
}